x/a,n,m,gamma(kHz),gamma(cs/a),nu_ei(kHz),omega*/omega*_max,omega_plasma(kHz),omega_lab(kHz),omega_star_plasma(kHz),omega_star_lab(kHz),nu,eta,shat,beta,ky,mu,xstar
0.9792989649482474,8,23,2.8779256326335703,0.10500997838169476,10.373320682643081,0.994890591440138,98.3092745390507,18.197325234098955,97.90931173891022,178.02126104386195,0.3050979495186231,1.8796883046625255,0.005372704186440288,0.0018365801951990921,0.04899184554974121,-0.6407043655705016,7.605812866204112
0.9818990949547477,9,26,1.1483657394525895,0.046121854958704425,12.463024831538066,0.9889090246090816,107.78843383835986,16.80421361891011,109.48573456773943,200.46995478718918,0.3232305759390425,1.8395303323063479,0.005635576346758887,0.0013673024279782574,0.05018253349580934,1.0251269849129305,7.605812866204112
